<?xml version="1.0" encoding="UTF-8"?>
<project-private xmlns="http://www.netbeans.org/ns/project-private/1">
    <editor-bookmarks xmlns="http://www.netbeans.org/ns/editor-bookmarks/2" lastBookmarkId="0"/>
    <open-files xmlns="http://www.netbeans.org/ns/projectui-open-files/2">
        <group>
            <file>file:/C:/wamp/www/email/logout.php</file>
            <file>file:/C:/wamp/www/email/inc/config.php</file>
            <file>file:/C:/wamp/www/email/cemail.php</file>
            <file>file:/C:/wamp/www/email/session.php</file>
            <file>file:/C:/wamp/www/email/index.php</file>
            <file>file:/C:/wamp/www/email/login.php</file>
        </group>
    </open-files>
</project-private>
